Test_Name,Run 1,Run 2,Run 3,Run 4,Run 5,Run 6,Run 7,Run 8,Run 9,Run 10,Run 11,Run 12,Run 13,Run 14,Run 15,Run 16,Run 17,Run 18,Run 19,Run 20,Run 21,Run 22,Run 23,Run 24,Run 25,Run 26,Run 27,Run 28,Run 29,Run 30,Run 31,Run 32,Run 33,Run 34,Run 35,Run 36,Run 37,Run 38,Run 39,Run 40,Run 41,Run 42,Run 43,Run 44,Run 45,Run 46,Run 47,Run 48,Run 49,Run 50,Run 51,Run 52,Run 53,Run 54,Run 55,Run 56,Run 57,Run 58,Run 59,Run 60,Run 61,Run 62,Run 63,Run 64,Run 65,Run 66,Run 67,Run 68,Run 69,Run 70,Run 71,Run 72,Run 73,Run 74,Run 75,Run 76,Run 77,Run 78,Run 79,Run 80,Run 81,Run 82,Run 83,Run 84,Run 85,Run 86,Run 87,Run 88,Run 89,Run 90,Run 91,Run 92,Run 93,Run 94,Run 95,Run 96,Run 97,Run 98,Run 99,Run 100
Control:
1,2,1,0,1,1,1,1,1,1,1,1,0,1,1,1,0,0,1,1,1,1,1,1,1,0,1,1,0,1,0,1,1,1,0,0,1,0,0,1,1,0,0,1,0,0,1,0,0,0,0,0,1,1,0,0,1,0,1,1,0,1,0,1,1,1,0,1,1,1,0,1,1,0,1,1,2,0,1,1,1,1,1,0,1,1,1,1,0,1,1,1,1,1,1,1,1,1,1,1,1
2,2,1,1,2,1,1,1,1,1,1,1,1,1,1,5,1,1,1,1,1,1,1,1,1,1,1,1,1,1,1,1,1,1,1,2,1,1,1,1,1,1,1,1,1,1,1,1,1,1,0,1,1,1,1,1,1,1,1,1,1,1,1,0,1,1,1,1,1,1,1,1,1,0,1,1,1,1,1,1,1,1,1,1,1,1,1,1,1,0,1,1,1,1,2,1,1,1,1,1,1
4,1,1,2,1,1,1,1,1,1,2,1,1,1,1,2,2,1,2,1,1,1,1,1,1,1,1,1,1,2,2,1,1,1,2,1,1,1,1,1,1,1,2,1,2,1,2,1,1,1,1,1,1,1,1,1,1,2,1,1,1,2,1,1,1,1,1,1,1,2,1,2,1,2,1,1,2,2,2,1,1,2,1,1,1,1,1,1,1,2,2,1,1,2,1,2,1,1,1,1,1
8,2,2,2,1,1,1,2,1,2,2,2,2,2,1,1,2,2,2,2,1,1,2,1,1,1,2,1,1,2,2,1,2,2,2,2,2,2,1,1,2,2,1,2,1,1,2,1,2,2,1,2,2,2,2,2,2,2,2,1,2,1,2,2,2,2,2,1,2,1,2,2,2,2,2,2,2,1,2,1,2,2,1,2,2,2,2,2,2,1,2,1,2,2,2,2,2,1,2,1,1
16,3,2,2,3,2,2,3,3,2,3,3,2,2,2,3,2,3,2,3,2,2,2,3,3,2,2,3,3,3,2,2,2,2,2,3,3,2,3,2,3,2,2,2,2,3,3,2,3,3,3,3,3,2,2,2,2,3,2,3,3,2,3,2,3,2,2,3,3,3,2,2,2,2,3,3,2,2,2,3,2,3,3,2,2,3,2,3,3,2,2,3,2,3,2,3,3,3,2,2,2
32,12,6,5,6,5,5,5,5,5,5,5,5,5,5,4,6,6,5,5,6,5,5,5,5,4,5,5,5,5,6,5,5,50,6,5,5,5,5,6,5,6,5,5,5,4,5,5,5,5,5,5,5,5,5,6,5,5,5,5,5,5,5,5,5,5,5,5,5,8,5,6,5,6,5,5,7,4,5,5,5,5,5,5,4,5,5,6,5,4,5,5,6,5,5,6,5,4,6,6,5
64,10,12,10,10,9,10,11,10,10,13,9,9,9,9,11,10,10,11,10,9,10,11,10,10,10,13,10,10,12,10,9,10,10,16,10,9,9,11,10,10,9,10,10,9,9,11,10,9,9,10,10,9,9,10,10,10,10,10,11,9,10,9,9,10,10,9,10,9,9,9,9,11,9,10,10,10,9,9,10,10,9,11,9,10,36,10,10,10,9,10,9,11,9,9,10,10,10,10,10,10
128,20,20,21,20,21,21,20,19,19,20,22,22,19,20,21,19,19,21,21,21,21,20,20,20,20,21,21,19,20,19,19,21,22,21,20,22,47,23,21,20,20,20,19,20,20,20,21,20,20,20,21,19,19,19,20,20,21,20,21,20,20,20,19,19,20,20,20,21,21,19,23,19,20,21,21,20,20,20,19,21,21,20,20,20,21,22,20,20,20,20,21,21,21,19,20,22,43,21,21,21
256,42,43,42,42,43,44,44,45,43,73,60,43,44,45,44,44,43,47,41,42,46,58,42,45,43,42,43,41,45,44,46,42,43,43,42,44,42,43,43,42,45,45,44,42,42,44,43,46,43,44,47,43,42,43,44,43,42,42,47,43,45,43,44,44,44,43,43,43,45,43,45,41,43,47,44,41,42,44,43,51,44,42,46,44,44,43,42,44,44,41,42,40,46,41,44,42,42,44,44,45
512,119,100,92,98,94,97,95,97,94,94,92,95,97,92,92,96,94,91,139,93,95,93,93,93,93,100,92,93,92,93,94,92,96,94,94,95,94,94,93,92,93,92,96,92,93,96,92,93,96,96,93,103,94,90,95,95,93,94,94,108,94,93,98,91,94,95,92,95,93,94,92,101,93,93,92,93,99,95,90,98,94,97,90,94,94,92,94,95,92,93,95,94,93,96,94,92,94,108,92,95
1024,205,213,206,201,204,203,206,293,197,214,204,201,202,195,197,201,209,200,199,205,202,202,204,200,207,204,216,200,203,205,215,220,203,209,210,212,208,203,212,198,202,198,206,200,196,246,204,215,252,206,200,204,214,202,202,199,215,202,197,204,205,205,209,214,197,198,236,206,205,203,204,236,204,206,206,198,209,203,199,196,208,201,202,206,211,216,210,225,205,198,202,214,206,216,199,207,197,202,210,200
2048,430,452,433,432,428,436,442,448,440,440,440,440,444,444,445,441,448,427,450,441,450,434,445,441,449,440,449,433,439,449,447,444,445,429,442,435,446,453,466,425,444,438,433,435,585,423,445,444,440,445,443,427,439,539,451,471,440,427,447,454,422,449,441,447,460,435,451,434,477,437,433,467,432,441,436,445,433,433,438,494,473,426,450,453,435,433,436,448,438,466,470,445,426,437,440,441,446,449,436,442
4096,943,1088,1187,958,959,942,965,1104,974,947,1047,965,945,959,937,969,942,998,981,952,957,968,930,964,1380,1006,957,1082,959,933,964,1002,1005,959,941,944,947,1020,1056,1009,973,960,1017,970,952,957,974,931,1037,955,981,994,1011,992,942,1102,991,987,1079,936,981,1004,948,941,949,922,975,1011,1008,1014,962,961,946,951,1005,940,938,945,948,958,948,975,989,953,973,977,1008,970,977,945,996,946,1207,1033,976,948,940,1079,960,953
8192,2022,2199,2072,2087,2044,2146,2074,2057,2079,2142,2041,2171,2150,2263,2106,2110,2050,2093,2130,2146,2144,2045,2123,2101,2184,2123,2087,2243,2132,2119,2093,2019,2083,2298,2289,2117,2224,2035,2191,2114,2169,2225,2130,2209,2178,2059,2164,2141,2126,2316,2245,2050,2246,2084,2032,2101,2038,2109,2193,2224,2102,2537,2192,2252,2173,2100,2032,2043,2244,2281,2049,2084,2482,2106,2026,2129,2150,2123,2134,2040,2168,2170,2109,2104,2465,2108,2517,2041,2109,2144,2113,2065,2258,2152,2233,2106,2047,2056,2033,2059
16384,4435,4476,4783,4410,4374,4365,4712,4381,4668,4413,4718,4452,4353,4526,4530,4465,4556,4388,4471,4612,4760,4566,4581,4348,4364,4340,4600,4574,4585,4414,4381,4510,4570,4634,4534,4377,4503,4553,4631,4487,4420,4536,4487,4641,4414,4435,4487,4353,4448,4502,4460,4515,4468,4474,4553,4419,4547,4704,4296,4446,4559,4486,4843,4515,4408,4447,4734,4599,4428,4601,4656,4420,4520,4381,4566,4892,4495,4390,4370,4390,4523,4758,4386,4336,4601,4409,4618,4634,4537,4518,4551,4894,4549,4560,4740,4869,4558,4560,4600,4780
GD_Script:
1,5,2,1,1,1,1,1,1,1,1,1,1,1,1,1,1,1,1,1,2,1,1,1,1,1,1,1,1,1,1,2,1,1,2,1,2,1,1,1,2,1,1,1,1,1,2,1,2,1,1,1,1,1,1,2,1,1,1,1,1,1,1,2,1,1,2,1,1,1,1,1,1,1,1,1,2,1,1,1,1,1,1,1,1,1,1,2,1,1,1,1,1,1,1,1,1,1,1,1,1
2,14,6,5,6,5,5,5,6,8,6,6,5,5,5,6,5,5,6,8,5,5,5,7,6,8,5,6,6,6,5,5,5,5,5,6,5,5,8,6,6,5,5,6,6,6,6,6,6,5,5,5,5,5,6,5,6,6,5,6,5,5,6,6,6,5,11,6,5,6,5,6,6,6,4,5,6,5,5,5,6,7,5,5,7,6,5,6,6,5,6,5,6,5,6,5,6,5,6,5,5
4,14,13,23,13,12,12,12,13,13,18,12,13,16,13,13,12,12,13,12,20,13,12,12,13,12,13,16,12,18,13,13,13,13,17,13,12,12,13,13,13,16,14,13,13,19,13,12,12,12,14,13,13,13,17,16,13,12,12,14,13,13,13,18,13,12,12,13,17,16,14,13,13,14,13,13,13,12,13,12,13,17,13,20,13,12,12,13,12,14,13,13,12,13,13,13,12,18,13,13,13
8,39,37,28,37,28,29,28,28,28,32,28,34,28,32,29,29,28,28,28,28,32,27,28,27,31,28,33,28,31,36,28,28,28,28,36,27,28,29,28,33,27,31,28,34,29,28,29,28,35,28,28,28,27,28,33,29,30,28,39,32,28,27,28,27,29,27,27,28,40,31,27,32,28,28,28,36,29,27,27,27,28,27,28,26,33,27,31,27,28,28,28,28,28,28,27,28,28,31,28,32
16,60,59,118,60,60,61,60,59,69,59,59,90,60,59,74,60,61,59,60,59,61,64,64,62,63,62,64,64,64,64,64,63,64,63,83,64,62,63,62,62,62,62,63,60,59,60,59,59,59,59,61,61,58,61,60,79,60,59,59,59,60,60,59,59,59,66,60,58,58,59,58,58,59,58,76,81,64,59,59,61,63,64,63,64,62,62,62,62,64,63,62,61,61,62,61,61,62,61,60,61
32,133,134,129,130,131,139,129,148,130,129,128,128,129,130,131,129,129,169,133,139,126,130,126,132,131,130,130,132,136,198,135,130,130,131,133,135,129,151,131,133,135,135,130,128,128,169,134,128,130,129,128,131,130,131,147,125,127,127,125,129,165,127,128,127,130,130,130,128,129,129,129,131,135,132,131,129,144,162,130,129,196,129,131,129,128,127,131,137,127,125,131,129,129,125,128,128,132,133,131,131
64,297,356,279,274,274,276,278,294,297,280,274,283,283,290,283,284,289,275,277,297,283,279,278,294,284,284,278,284,331,284,286,285,305,285,301,283,302,275,282,277,281,284,281,284,285,282,383,284,283,281,292,291,283,284,291,287,281,281,303,288,282,275,283,276,281,283,366,280,283,285,291,278,294,287,286,281,284,280,283,278,286,324,292,291,290,285,286,283,290,281,297,275,295,281,280,294,288,361,286,289
128,610,611,608,607,585,606,602,611,588,596,625,594,591,625,607,606,610,612,611,604,588,610,609,612,607,609,594,608,600,611,604,598,590,606,613,606,754,613,592,607,642,584,676,611,629,610,601,616,597,606,631,596,892,602,611,607,615,589,590,606,614,592,600,598,596,600,608,623,638,604,590,611,598,605,607,612,645,605,643,614,596,608,606,591,609,642,642,651,630,589,604,588,603,610,619,611,606,599,617,604
256,1275,1276,1275,1427,1286,1275,1298,1276,1271,1656,1269,1290,1708,1271,1281,1308,1269,1276,1266,1306,1294,1262,1275,1290,1309,1348,1280,1281,1269,1278,1290,1272,1310,1280,1300,1296,1555,1299,1328,1323,1284,1297,1282,1262,1261,1274,1313,1262,1561,1253,1322,1268,1290,1287,1262,1265,1296,1282,1291,1299,1267,1329,1310,1274,1740,1304,1276,1269,1336,1292,1281,1296,1322,1267,1244,1279,1314,1308,1300,1323,1314,1317,1277,1362,1284,1278,1303,1275,1311,1310,1343,1287,1328,1314,1278,1285,1274,1296,1290,1275
512,2785,2914,2731,2832,2742,2716,2767,2767,2780,2736,2742,2743,2745,2780,2750,2710,2769,2712,2856,2762,2756,2721,2712,2737,2724,2784,2699,2683,2656,2751,2846,2766,2796,2760,2709,2669,2680,2713,2752,2787,2797,2810,2833,2777,2823,2756,2736,2790,2722,2768,2722,4056,2770,2739,2652,2746,2790,2737,2810,2722,2798,2766,2755,2761,2863,2830,2715,2729,2799,2719,2888,2727,2802,2718,2754,2743,2693,2799,2777,2775,2777,2741,2726,2751,3476,2761,2725,2792,2816,2692,2781,2758,3697,2758,2738,2734,2745,2699,2726,2766
1024,5888,5983,5954,5699,6113,6004,5821,5753,6152,5565,5634,6031,5594,5689,5574,6229,7831,5631,5561,5563,5590,5774,5918,6088,5619,6221,5958,5939,5881,6009,5585,6267,6094,5633,5678,5873,5692,5676,5566,5812,6231,5629,5963,5611,5652,5936,5964,5750,5721,6128,6143,5644,5997,5852,6029,6161,5951,6059,6016,5563,5556,5651,5599,5602,6014,5629,5967,5642,7497,6029,5682,5751,5660,5911,6175,5668,5629,5622,5621,5613,5626,5563,5600,5796,5911,5908,6088,5775,5578,5580,6029,5809,5593,5637,5674,5645,5609,6101,5596,5542
2048,12471,12000,11831,15375,11800,12754,11830,12341,12225,12026,12062,11773,12188,12697,11912,11915,12029,11744,11908,11950,12177,12667,11842,11805,11721,11773,12718,12508,11982,16498,11837,11634,11886,12154,12072,11871,11872,12340,11930,11769,11754,11804,11958,13048,11893,12349,12127,11880,11767,11760,11849,12076,12000,12616,12057,12045,11795,11795,11838,11837,11879,11928,12201,11792,12371,11801,11791,11835,11819,11881,11657,12265,12716,12436,13057,12697,14558,11980,11772,12191,12267,11950,11964,11716,12126,12425,11886,11843,12433,11801,11975,11932,12453,11817,12252,12187,12342,11937,11836,11860
4096,25259,26176,33579,25044,25252,24888,25155,25431,25133,24977,26573,24516,25042,24906,25028,26812,24893,26710,25627,26409,24993,25462,27783,25169,26479,25235,25138,26461,24986,31923,25256,25977,25837,25418,24998,26126,25739,26351,25687,25500,26320,26099,26222,24601,25129,27193,25571,25433,25882,25754,25695,25704,26296,25676,24698,25514,26168,26072,25731,31243,25672,25293,24629,24866,25375,24815,26437,25757,26176,25915,25996,26400,26069,25595,25751,24653,25152,25582,26079,24984,25732,25935,26276,26038,25696,26163,25306,27034,25777,25822,25809,25072,25459,25876,25836,25070,25937,26273,25725,25915
8192,55087,54606,54132,55112,51818,54326,52099,52216,55823,54189,55881,56080,54578,54897,54717,52614,55244,54693,54805,54716,54918,51334,54274,54407,54564,54189,54493,55209,54635,54134,52188,55113,56807,55717,55538,57430,55559,56514,55512,55490,55095,55013,55541,55149,69413,55067,55697,54952,55603,55463,55042,55792,55034,56097,51699,55233,52834,54527,56239,56693,54659,55078,54829,56199,55762,68140,51517,55495,55914,55283,55214,54646,54907,56640,55350,56121,54718,54904,55061,51475,55462,55148,56018,52534,54745,54867,54619,56061,56106,67514,55238,51907,55191,54811,53322,52236,52359,52272,51834,52886
16384,114478,108169,113251,109453,109278,111052,110015,109753,115101,108545,113850,109426,108851,108680,109381,109999,109755,109839,109169,108147,111063,109461,111410,110146,107900,107726,113751,113044,111652,108689,109127,108719,111778,109632,110380,108846,108175,107332,109155,115457,111995,111074,107681,107576,108896,109973,108886,108373,108618,109856,109542,112228,110776,108798,111110,108091,110200,115528,109621,110110,110523,113231,108763,109461,139417,114438,114371,113034,114291,114912,115146,109903,114336,114436,114234,113970,109102,114582,108455,113438,114251,113404,110450,108681,114718,113272,113622,114459,114613,114980,116043,116691,115565,116701,116403,117533,116230,116353,120430,119180
GD_Script_Threaded:
1,2,1,1,1,1,1,1,1,1,1,1,1,1,1,1,1,1,1,11,1,1,1,1,1,1,1,1,1,1,1,1,1,1,1,2,1,1,1,1,1,1,2,1,1,1,1,1,1,1,1,1,1,1,1,1,1,1,1,1,1,1,1,1,2,1,1,1,1,1,1,1,1,1,1,5,2,1,1,1,1,1,1,1,1,1,1,1,1,1,1,1,1,1,2,2,1,1,1,1,1
2,366,301,304,301,231,204,240,227,270,285,246,263,303,289,248,223,217,217,258,225,234,277,216,220,298,220,219,211,199,214,255,228,237,238,212,234,221,225,252,220,212,233,271,236,271,211,214,249,244,237,241,219,243,211,281,273,317,258,244,225,252,256,232,215,237,247,266,219,254,248,210,224,243,232,242,226,218,263,260,223,238,208,207,232,288,232,247,229,243,227,295,217,226,220,249,211,297,250,201,219
4,706,566,594,541,541,541,672,583,619,550,632,546,602,523,543,613,571,544,598,541,577,539,604,549,596,555,623,539,624,620,584,556,607,564,610,529,557,552,579,563,578,569,643,579,563,549,586,534,610,571,603,549,602,509,574,579,574,519,587,640,740,553,580,521,511,527,562,574,622,515,683,586,622,567,604,562,567,583,541,568,582,610,519,584,572,515,556,579,538,544,533,557,578,613,564,610,550,504,576,537
8,1226,1167,1100,1140,1132,1118,1204,1186,1174,1201,1214,1253,1236,1229,1175,1188,1316,1359,1214,1238,1102,1272,1215,1131,1234,1148,1180,1169,1176,1171,1142,1158,1456,1113,1187,1143,1158,1247,1094,1080,1115,1070,1182,1240,1127,1178,1114,1139,1165,1135,1137,1133,1200,1272,1232,1223,1092,1093,1207,1248,1247,1222,1138,1133,1281,1191,1231,1167,1269,1264,1169,1082,1122,1204,1180,1272,1214,1101,1173,1248,1180,1183,1203,1212,1139,1213,1102,1134,1208,1155,1183,1240,1134,1169,1155,1109,1152,1163,1120,1129
16,1915,1876,2168,1998,1878,2051,1956,1942,1985,2092,2061,1894,2077,2127,1901,1837,1989,1821,1868,1946,1895,1991,1892,2307,1785,1849,1927,1825,1858,1793,1868,1830,1897,1913,1891,1961,2132,1843,1912,1856,1960,1858,1957,2068,2155,1817,2151,1937,1845,1929,1976,1851,1800,1914,1813,1946,1894,1860,1853,1858,1868,1913,2075,2235,1984,2108,1900,1943,2045,1933,1933,2079,1992,1882,1888,1947,1948,1999,1862,1835,1823,1834,1861,1851,1820,1876,1818,1840,1825,1874,1881,1791,2101,1824,1766,1847,1901,1882,1893,1973
32,1853,1990,1985,1987,2106,1997,2289,1934,2278,2029,2026,2012,2190,1839,1973,2153,1956,2036,2120,2009,1935,2128,1886,2047,2238,1957,2191,2196,1949,1905,1864,2166,1893,1927,2211,2024,2406,1914,2023,1972,2096,1917,1959,1806,2020,1870,1943,2058,1901,2173,1873,2089,1888,1900,1896,2156,1864,1821,2628,2232,1720,1929,1831,1891,1971,1955,1880,2046,2220,1865,1864,5429,2202,1860,1839,1807,1826,2215,2013,1880,1823,1836,1830,1883,1861,1907,1872,1831,1838,2331,1961,1886,1988,1945,1802,1990,1900,1800,1852,1898
64,1907,2064,2030,1939,1995,2474,2981,2498,2918,3251,2816,1878,2584,1975,2291,2568,2427,1921,1951,2977,2873,2534,2743,2713,2502,2691,2787,4733,2441,2026,2751,1976,2694,2367,2387,2596,2766,2778,2848,2390,2044,2580,2882,2512,3038,2681,2539,2523,2767,2669,2545,1786,2067,2671,3781,2478,2942,2891,2663,2570,2680,2400,1931,2233,2662,2486,2540,2485,2700,2938,2763,3174,2929,2589,3303,2930,2499,2573,2454,2584,2594,2564,2643,2595,1966,2313,2370,1927,2605,1864,1993,2831,2994,2477,2295,2031,2601,2487,2771,2937
128,2347,3063,3043,2098,2056,2002,2562,2778,3168,2756,3127,3153,2912,2121,1909,2822,1937,3133,3116,2914,3342,2970,2456,1960,3088,3442,3127,2002,2117,3124,2913,3380,2676,3116,3625,2781,2037,2943,2693,1974,2835,2487,2640,3254,3100,3049,3178,2893,2753,3520,2829,2066,2965,2473,3159,1978,2640,3262,3206,3252,3662,2029,2974,1929,2873,3320,3134,2845,2924,2545,3120,2014,2757,3299,2141,2990,3069,3124,3117,2924,2055,2680,3090,2027,2562,3228,2782,2238,2674,3015,3112,2180,3533,2862,1938,2672,3545,3222,2813,3082
256,2365,1955,3140,3305,3461,2116,2201,2180,3568,3749,3368,2122,2209,2105,3279,4132,2114,2198,3926,3136,2141,3469,3252,2179,2261,3736,2207,2242,3235,2137,3365,3546,3091,3308,2245,2205,4764,2173,2201,3773,3326,3362,3358,3593,2863,3120,2128,2154,2282,3445,3899,3825,3658,3563,3322,2245,3456,2771,3451,3323,2173,3361,3098,3807,3368,2162,2066,2166,2861,2125,3213,2113,3239,3291,3389,2600,3886,2205,2914,2173,3518,3077,3242,2191,2196,2994,3665,3360,3446,3492,3871,3769,3153,3800,2245,3636,2144,3742,2133,3694
512,2794,2671,2753,2781,2754,2612,2683,2803,2786,2678,2737,2773,2793,2873,2740,2802,2743,2761,2752,2742,2650,2806,2741,2860,2677,2800,2718,2789,2672,2733,2788,2742,2759,2817,2810,2648,2714,2752,2849,2927,2884,2804,2739,2829,2942,2785,2750,2714,2779,2691,2762,2890,2763,2807,2708,2639,2582,2806,2860,2697,2753,2812,2695,2564,2669,2650,2688,2657,2717,2698,2807,2748,2943,3080,3200,2664,2827,2658,2670,2783,2721,2837,2728,2648,2722,2719,2661,2601,2677,2755,2757,2766,2789,2798,2707,2867,2677,2718,2776,2689
1024,4556,4335,4478,4530,4312,4461,4338,4390,4284,4479,4547,4586,4580,4455,4337,4511,4636,4489,4093,4707,4373,4747,4345,4559,4434,4404,4973,4511,5382,4765,4465,4433,4473,4492,4457,4304,4409,4597,4452,4392,4442,4624,4380,4348,4326,4489,4525,4469,4535,4665,4448,4282,4512,4539,4382,4625,4376,4906,4633,4634,4372,4438,4335,4321,4363,4430,4354,4572,4731,4524,4578,4296,4455,4508,4360,4560,4247,4193,4449,4439,4427,4428,4284,4301,4297,4604,4408,4467,4245,4363,4588,4367,4231,4296,4537,4383,4426,4440,4570,4425
2048,8103,8058,8520,7964,7849,8372,8036,7896,7988,8032,7887,7738,8021,7994,8011,7725,7918,8002,7828,8322,7830,8133,8281,7906,7914,8003,8394,8846,7921,7871,7874,8287,8554,8190,7931,7971,7883,8040,8009,7860,7872,7908,8187,8276,8539,7936,8001,8030,8487,7904,8015,7433,8017,8218,8345,7981,8111,7883,7955,8076,8009,8025,8065,7985,7970,7815,7788,7977,8071,8220,8085,8045,8207,7930,8375,8155,8012,7969,7938,8244,8038,7864,8150,7907,8194,7951,8537,7965,7760,8313,7877,8105,7815,8421,8160,8111,8196,8032,7660,7807
4096,15422,15487,15578,15317,15448,14886,15520,15308,16542,15657,14737,14803,15079,15622,15545,15080,15225,15580,15385,15610,15572,15632,16165,14770,14736,14822,15029,15481,15793,15411,15769,15252,15435,15162,15031,14669,14827,15308,15659,15138,16573,15564,15281,17058,15403,14609,15785,15453,15167,15447,15359,15696,15194,15478,15013,17463,15702,14982,15305,15193,15779,15712,15198,15165,15126,15518,15009,15478,15869,14938,15472,15174,14930,15364,14854,15141,17175,15137,15534,16669,14799,15293,15510,15264,15463,15861,15057,16737,14710,15657,15902,15242,15112,15258,14721,14351,15280,16902,14851,14895
8192,29876,30773,30286,30156,29390,31012,29354,30235,30556,29779,29813,31242,29777,30682,31668,30060,30204,33579,29564,29919,29446,30782,30409,30524,29101,30016,29809,29485,31019,30768,29479,29539,29831,30183,29958,29894,30389,31075,30341,30721,30521,29913,30207,30550,29458,30577,29633,30414,29824,29038,30752,30650,28663,29677,30877,30129,29109,31016,29251,29925,30638,30798,29440,30033,31195,30622,29663,29072,29919,30358,29742,31251,30211,30183,34956,29283,29471,30694,29507,29778,30317,30954,29555,32660,30917,30444,29783,30523,30520,29920,30893,30510,30523,31596,30560,29103,31130,30281,29455,30797
16384,60742,62600,61677,61507,61532,58459,60117,60488,62986,62660,58779,61526,61968,57487,62530,61101,62915,61330,62153,61448,61702,62040,62175,59832,60260,60157,58761,60745,65570,61605,59763,59376,60831,62362,62370,61225,60932,61260,61840,64058,59446,59205,59037,61276,59322,58741,67686,59467,61596,60705,59539,63960,61134,59867,59328,59879,59043,58098,61142,60513,59693,60422,61525,63198,65300,59755,62739,61950,59082,61384,60754,62116,61998,59205,61184,58993,62185,60439,59895,62267,60885,59069,60795,62062,59525,60449,60907,61049,62101,60054,63261,58399,59512,67532,62739,61030,61550,62192,61935,59823
CS_to_CS:
1,75,0,0,0,0,0,0,0,0,0,0,0,0,0,0,0,0,0,0,0,0,1,0,0,0,0,0,0,0,1,0,1,0,0,0,0,0,1,0,0,0,0,0,0,0,0,0,0,0,0,0,0,0,0,0,0,0,0,0,0,0,0,0,0,0,0,0,0,0,0,0,1,0,0,0,0,0,0,0,0,0,0,0,0,0,0,0,0,0,0,0,1,0,0,0,0,0,0,0,0
2,218,1,1,0,1,1,1,1,1,1,0,0,1,1,1,0,0,1,1,0,1,0,1,0,1,0,1,1,0,0,1,1,1,0,0,1,1,1,1,1,1,0,1,1,1,1,1,0,1,1,1,1,0,1,1,0,1,1,0,1,0,1,0,0,1,0,1,0,0,0,0,1,1,0,1,1,1,0,1,1,1,0,0,1,1,0,0,1,0,1,1,1,1,1,1,1,0,1,0,0
4,1,1,1,1,1,1,1,1,1,1,1,1,4,1,1,1,1,1,1,1,0,1,1,0,1,1,1,1,1,1,1,1,1,3,1,0,1,1,4,1,1,0,1,1,0,0,1,1,1,1,1,0,1,0,3,1,1,1,1,3,1,0,1,0,0,1,0,1,1,1,1,1,1,0,1,5,1,1,1,1,4,1,0,1,0,0,1,1,1,1,0,1,1,1,1,1,3,0,1,1
8,1,1,1,5,2,2,2,2,1,1,2,4,2,1,2,1,1,1,2,3,2,1,1,2,5,1,1,1,2,1,1,1,5,1,1,2,1,1,2,1,4,1,1,2,1,1,1,1,4,1,2,2,1,4,1,1,2,1,2,2,2,5,1,1,1,1,1,2,1,4,2,2,1,2,1,1,1,5,1,2,1,2,5,1,2,2,1,1,1,1,3,1,1,1,1,1,1,2,4,1
16,4,3,3,2,5,2,2,2,7,8,3,2,5,5,3,3,3,5,3,2,2,5,4,3,2,2,5,2,2,2,4,5,2,3,2,4,2,2,2,5,2,3,2,5,4,2,3,2,6,3,2,2,5,6,2,2,2,6,3,3,2,4,2,2,2,5,5,3,12,3,5,3,3,3,5,4,2,2,2,6,3,2,2,6,2,2,2,6,5,2,2,3,4,2,3,2,3,4,2,3
32,5,6,5,7,5,4,9,4,7,7,4,9,4,6,9,4,7,4,8,8,4,7,4,7,6,5,7,4,9,7,4,8,4,7,9,4,8,5,7,8,5,8,4,7,7,4,8,4,8,7,4,7,4,8,7,5,7,4,7,7,4,8,4,8,7,4,6,5,7,9,4,8,4,7,7,4,7,5,8,7,4,8,4,7,7,4,8,8,7,7,5,7,4,6,7,4,8,5,7,8
64,9,11,12,12,12,11,10,11,14,12,11,12,10,13,12,10,13,13,10,11,14,11,12,13,10,11,12,11,11,12,9,13,12,12,11,12,11,11,13,10,11,12,10,11,14,11,12,13,10,13,13,10,10,14,11,12,12,11,11,13,10,12,13,10,11,13,10,11,12,10,12,12,11,11,12,10,11,12,10,11,14,10,12,12,10,12,14,10,13,12,10,11,13,10,12,13,10,12,13,10
128,42,23,27,26,40,23,23,23,22,21,25,40,27,24,25,23,22,24,25,25,23,24,29,22,24,25,29,23,23,23,23,27,25,23,24,913,42,20,19,19,20,20,21,20,19,20,20,20,21,20,24,46,19,19,20,20,20,19,20,22,20,20,21,20,20,20,19,20,19,21,20,20,20,20,19,19,19,20,21,20,20,31,20,20,19,20,20,19,20,19,21,20,19,19,19,20,20,19,21,20
256,42,42,41,41,41,67,41,41,42,41,41,43,41,42,41,42,41,41,41,41,43,42,41,42,41,41,40,44,41,42,40,41,42,42,41,40,41,42,41,53,41,40,42,41,41,41,42,47,41,41,42,42,41,42,59,41,40,40,41,43,41,41,40,42,41,41,40,41,41,41,41,40,41,40,41,41,42,41,42,41,41,42,41,42,42,41,41,42,41,41,41,40,41,41,41,41,42,42,40,43
512,162,87,89,88,88,87,335,89,86,88,86,88,88,87,89,90,87,88,87,89,87,88,88,88,87,87,93,86,86,87,113,86,87,87,89,87,89,87,88,98,90,87,87,109,88,89,87,88,88,90,89,86,87,87,86,87,87,88,88,88,87,110,87,87,93,86,87,87,103,88,106,89,86,87,88,300,88,86,88,89,87,89,87,88,87,92,93,87,89,87,87,89,93,88,87,89,87,100,88,87
1024,187,197,189,185,186,186,222,186,184,186,185,185,184,184,184,208,186,184,187,186,205,187,188,190,186,190,185,186,187,246,196,187,190,183,202,187,195,239,234,188,186,185,185,184,187,187,217,184,186,240,197,186,187,184,188,429,189,236,187,230,186,185,187,192,188,186,187,188,187,187,191,192,400,192,191,188,187,186,187,186,189,183,185,380,236,190,185,195,186,405,187,187,225,186,184,184,185,202,186,185
2048,412,398,404,417,397,395,438,432,395,397,505,640,395,394,455,391,400,396,391,393,432,434,403,394,391,400,444,402,689,398,394,396,398,393,389,394,421,434,392,395,393,393,389,394,394,635,409,391,396,399,461,397,519,396,398,396,391,393,448,391,391,391,395,394,514,396,400,393,397,392,651,418,425,403,396,408,397,390,392,436,403,394,409,395,420,392,392,641,394,392,396,401,393,393,394,394,397,396,397,397
4096,892,856,1043,851,875,839,1053,837,851,1069,1034,853,842,841,847,849,859,846,866,838,840,853,1116,1168,835,857,895,1033,846,874,840,841,850,848,840,834,835,853,856,856,855,890,860,856,1112,845,838,840,1075,852,845,870,860,843,913,914,850,858,842,851,840,1031,843,858,850,1144,883,857,865,1091,864,874,921,885,845,853,841,869,841,935,855,1116,1085,868,849,843,1120,843,851,845,966,860,870,854,833,881,868,897,855,861
8192,1993,1802,1830,1800,1856,1853,1797,1860,1900,1845,2051,1855,2071,1825,2022,1805,2060,1880,2050,1810,1813,1785,1836,1794,1849,1825,1809,1852,1829,1929,1808,1915,2013,2031,1924,2209,1807,2014,1911,2014,2037,1793,1984,1968,1854,1914,2011,1968,1840,1819,1866,1807,2068,1789,2235,1961,2042,2047,2065,1971,2203,2034,1938,1892,1815,1782,1844,1994,1917,1874,1945,2051,1833,2417,1864,2222,1844,2304,1787,2136,1958,1939,1782,1865,1989,1898,1827,2041,1981,1879,1780,1925,1975,1835,1981,1815,2025,1807,2162,1809
16384,4012,4141,4201,4019,4003,3845,3765,4000,4103,4333,4000,4002,4009,4008,4120,4014,3958,3798,4009,3887,3931,3834,3840,3816,3807,3834,4140,4050,3989,4425,3965,4034,4350,4020,4038,4019,3869,3991,4087,3980,4054,4019,4041,4028,3976,4043,3971,3984,3792,3776,3852,3972,3855,3841,4089,3853,4023,3837,3998,4086,4156,4237,4131,4746,4168,4088,4019,4120,3874,3926,3767,4129,4087,3985,4200,4045,4194,4322,4013,4131,3943,3890,3946,3896,3932,3913,3944,3888,3853,4081,4050,4276,4344,4382,4192,4224,4312,4361,4210,4089
GD_to_CS:
1,92,11,10,9,10,10,10,10,10,10,10,9,9,10,10,10,10,12,9,9,10,10,9,11,10,9,10,9,10,10,9,9,10,10,9,10,10,9,10,12,9,10,11,9,10,10,10,12,9,11,9,9,9,10,10,10,10,9,10,9,9,11,9,9,10,10,10,9,10,10,10,9,13,11,19,11,10,10,10,10,12,10,10,13,11,10,10,10,10,10,10,9,9,9,9,11,15,11,10,13
2,18,12,16,12,12,12,13,11,14,13,14,12,12,13,11,13,13,11,13,11,13,12,12,12,14,12,11,12,11,11,11,14,11,13,12,11,15,14,12,12,11,12,12,14,14,18,12,15,12,17,13,12,11,11,13,13,13,12,10,12,12,11,14,11,14,13,12,12,12,13,13,11,11,12,25,11,11,12,13,12,11,13,12,14,13,12,12,12,13,12,12,12,12,12,49,12,13,12,12,13
4,13,17,12,13,12,13,17,12,13,15,13,13,13,12,14,11,12,15,25,12,12,13,18,12,13,12,13,18,18,14,13,14,19,13,12,12,12,12,13,12,13,12,13,27,13,13,14,12,16,12,13,13,15,11,12,12,12,16,14,31,13,14,13,18,14,14,14,14,14,18,13,17,13,11,12,13,15,12,12,18,12,12,11,12,12,15,15,14,13,12,14,14,18,13,12,13,13,12,13,12
8,20,13,14,14,13,16,12,12,16,16,15,14,16,17,17,14,16,13,13,14,13,17,12,13,16,16,14,13,19,20,15,13,16,15,22,23,14,139,15,14,13,19,17,23,16,18,13,13,14,12,21,13,14,13,14,13,14,13,21,13,13,17,13,16,12,13,15,12,12,13,16,17,17,13,15,13,13,13,13,21,14,13,13,15,13,15,13,17,14,13,16,28,26,14,14,17,14,13,14,12
16,15,17,15,15,15,17,18,14,21,15,19,14,15,18,17,16,17,15,18,17,15,14,14,16,16,16,14,20,17,14,15,15,17,17,15,14,18,17,14,19,14,20,15,33,14,17,20,15,14,19,65,16,14,14,19,14,14,17,20,19,15,15,16,18,17,15,16,19,17,15,15,17,16,17,15,16,17,14,16,14,16,18,15,14,14,18,14,17,18,17,17,14,14,16,17,14,14,14,17,19
32,20,24,22,18,18,23,20,22,162,17,18,20,19,17,20,18,20,22,23,17,19,18,18,19,17,18,21,18,22,18,20,19,23,19,16,17,19,25,18,18,18,18,19,17,16,19,20,19,19,16,22,22,18,23,17,18,21,22,18,18,18,19,18,20,17,17,17,23,18,19,18,21,21,18,20,18,18,22,19,16,21,19,20,18,16,19,23,20,17,18,21,21,19,17,17,19,20,23,19,17
64,24,26,26,27,24,23,28,27,25,29,24,22,23,27,23,29,29,23,24,23,25,24,25,27,26,24,22,28,23,22,23,28,26,30,25,30,26,25,23,25,26,23,24,25,26,27,23,23,24,27,24,25,25,25,56,25,23,26,24,37,24,57,24,25,24,22,26,24,23,24,31,23,27,24,23,23,23,23,29,25,24,25,25,22,28,24,23,26,27,23,25,25,25,25,25,23,25,24,25,24
128,57,37,42,44,48,44,36,39,37,37,58,39,40,39,37,37,37,36,36,39,38,38,38,37,34,42,39,46,40,37,38,42,36,42,40,39,51,33,33,33,35,35,33,33,39,35,33,35,33,36,34,37,34,35,34,34,35,39,33,37,34,33,54,32,33,36,34,35,32,35,33,36,34,36,33,33,34,38,36,34,33,34,36,34,33,37,35,34,35,34,35,34,35,33,42,33,37,34,36,41
256,61,78,59,58,59,97,62,58,56,57,64,77,57,60,58,59,58,57,57,57,59,58,56,57,57,57,56,59,56,58,60,56,60,59,57,56,58,60,59,71,332,62,57,55,59,62,62,65,56,70,60,127,56,72,64,63,55,57,57,62,57,58,57,63,56,59,59,57,62,58,58,58,60,57,57,56,60,58,59,58,57,60,59,59,70,58,59,61,56,57,57,56,56,57,56,60,59,62,59,74
512,153,126,111,141,115,137,114,126,111,113,131,131,111,108,110,110,107,111,108,113,110,121,108,159,108,107,108,106,107,106,120,108,154,110,137,110,109,113,109,109,386,208,109,130,122,113,109,111,110,110,110,110,108,111,107,109,106,112,110,112,107,116,114,112,110,132,109,106,112,110,112,111,109,109,147,112,110,112,123,138,126,113,121,110,107,112,113,107,143,110,122,112,110,110,110,115,112,137,109,111
1024,220,219,230,218,438,218,301,277,215,212,218,216,222,217,214,282,219,214,214,213,217,462,224,216,216,268,215,212,219,225,220,222,215,218,219,218,216,216,563,284,219,218,222,212,216,269,232,382,218,229,217,224,215,218,217,227,213,214,225,258,215,221,271,246,214,215,215,220,221,217,222,219,223,230,219,216,216,213,224,277,213,212,237,278,217,253,216,214,224,255,219,218,214,217,213,213,237,217,211,212
2048,478,445,642,451,465,451,447,492,448,442,445,502,580,439,456,441,442,447,467,713,450,448,447,448,443,451,516,460,524,449,464,453,446,449,447,446,777,465,579,443,447,534,451,442,443,542,459,441,448,447,590,439,443,866,494,452,442,441,525,439,450,718,451,447,439,439,440,445,439,442,466,448,445,452,478,451,444,452,712,447,442,446,447,454,457,444,446,459,444,446,442,525,445,444,445,735,452,447,455,445
4096,939,968,938,938,912,917,945,924,925,940,936,934,919,930,1289,932,920,1041,1290,930,920,1000,1361,932,921,927,981,935,940,932,1113,1273,922,924,928,1174,992,987,980,1148,961,946,937,947,962,949,919,945,932,956,921,972,1127,922,1059,969,1232,943,923,1003,928,929,926,958,936,982,987,989,958,967,932,940,947,1206,939,934,929,1142,923,959,987,947,951,934,980,923,995,973,934,951,1124,1034,965,991,1103,933,959,950,1207,950
8192,2039,2199,2062,2142,1959,2331,1939,2695,1962,2003,1971,2009,1988,1993,1982,2024,2082,1998,1974,2010,2209,2027,2282,2034,2414,2111,2208,2027,2239,2004,5262,1939,1999,2081,1960,2121,2089,2038,2033,2110,2139,2367,2096,2216,2287,2163,2056,2280,2168,2355,2029,2141,2148,1941,2120,1956,2034,2191,2450,2021,2030,2071,2177,2087,2353,1931,2331,1989,2319,2046,2026,2139,2271,1958,2258,1972,2104,2020,1938,2391,1942,2261,1941,2210,1949,2371,2249,2179,2045,2199,1989,2028,2247,2012,1965,1955,1960,1959,1959,1936
16384,4143,4232,4069,4082,4114,6445,4084,4428,4035,4317,4126,4137,4108,4077,4087,4071,4369,4273,4293,4341,4474,4356,4366,4272,4299,4483,4219,4095,4087,4099,4107,4104,4209,4136,4192,4142,4355,6401,4197,4041,4130,4121,4284,4127,4114,4183,4136,4113,4293,4320,4552,4556,4293,4315,5027,4444,5113,4179,4127,4172,4309,4105,4137,4098,4174,4292,4229,4419,4404,6366,4057,4219,4190,4130,4211,4208,4286,4076,4179,4230,4423,4626,4424,4554,4509,4523,4374,4318,4412,4460,4402,4299,4204,4236,4273,4173,4369,4425,4400,4174
